{
  "mode": "simulation",
  "shots": 4096,
  "scale_factors": [
    1.0,
    1.3,
    1.6,
    2.0,
    2.5
  ],
  "results": {
    "ghz_3": {
      "n_qubits": 3,
      "scale_factors": [
        1.0,
        1.3,
        1.6,
        2.0,
        2.5
      ],
      "expectations": [
        0.9287109375,
        0.911376953125,
        0.91015625,
        0.9013671875,
        0.8955078125
      ],
      "noisy": 0.9287109375,
      "linear_zne": 0.9431996634095817,
      "quadratic_zne": 0.9766977230057446,
      "bounded_zne": 0.9431996634095817,
      "bounded_model": "polynomial_d1",
      "ideal": 1.0,
      "bounded_error": 0.05680033659041828,
      "linear_error": 0.05680033659041828,
      "quadratic_error": 0.023302276994255355
    },
    "ghz_4": {
      "n_qubits": 4,
      "scale_factors": [
        1.0,
        1.3,
        1.6,
        2.0,
        2.5
      ],
      "expectations": [
        0.890625,
        0.893310546875,
        0.884521484375,
        0.854736328125,
        0.86083984375
      ],
      "noisy": 0.890625,
      "linear_zne": 0.920913212581052,
      "quadratic_zne": 0.9355199369523168,
      "bounded_zne": 0.920913212581052,
      "bounded_model": "polynomial_d1",
      "ideal": 1.0,
      "bounded_error": 0.07908678741894803,
      "linear_error": 0.07908678741894803,
      "quadratic_error": 0.06448006304768317
    },
    "ghz_5": {
      "n_qubits": 5,
      "scale_factors": [
        1.0,
        1.3,
        1.6,
        2.0,
        2.5
      ],
      "expectations": [
        0.869140625,
        0.844970703125,
        0.8359375,
        0.823974609375,
        0.8203125
      ],
      "noisy": 0.869140625,
      "linear_zne": 0.8904913206952452,
      "quadratic_zne": 0.9653504117225872,
      "bounded_zne": 0.8904913206952452,
      "bounded_model": "polynomial_d1",
      "ideal": 1.0,
      "bounded_error": 0.10950867930475483,
      "linear_error": 0.10950867930475483,
      "quadratic_error": 0.034649588277412824
    }
  }
}